distance/m,Distance uncertinty / m,time/s,Time measurment uncertinty / s
0,0.02,0,1.004809601
10,0.02,0.923422403,0.637569139
20,0.02,2.178144771,0.382365973
30,0.02,2.461897457,0.911784817
40,0.02,3.38705138,0.198510412
50,0.02,5.263879151,1.15222207
60,0.02,6.042705153,0.161827311
70,0.02,7.939192413,0.732010999
80,0.02,8.221779227,1.267329221
90,0.02,8.578128467,0.590907611
100,0.02,9.562873742,1.022336635
